商品名,JANコード
消しゴム,4901991654017
消しゴム,4901991654024
消しゴム,4901991654031
消しゴム,4901991654048
ペン,4901991501014
ペン,4901991501021
ペン,4901991501038
ペン,4901991501045
ペン,4901991501052
ペン,4901991501069
シャープペン,4901991701011
シャープペン,4901991701028
シャープペン,4901991701035
シャープペン,4901991701042
シャープペン,4901991701059
修正テープ,4901991901015
修正テープ,4901991901022
修正テープ,4901991901039
のり,4901992001012
のり,4901992001029
のり,4901992001036
限定 ペン,4901992201016
限定 ペン,4901992201023
限定 ペン,4901992201047
限定 ペン,4901992201078
限定 ペン,4901992201092
限定 ペン,4901992201115
限定 消しゴム,4901992201016
限定 消しゴム,4901992201030
限定 消しゴム,4901992201061
限定 消しゴム,4901992201085
限定 消しゴム,4901992201108
